{
  "properties": {
    "connectionReferences": {
      "shared_approvals": {
        "runtimeSource": "embedded",
        "connection": {
          "connectionReferenceLogicalName": "new_ApprovalReference"
        },
        "api": {
          "name": "shared_approvals"
        }
      },
      "shared_office365": {
        "runtimeSource": "embedded",
        "connection": {
          "connectionReferenceLogicalName": "new_Office365OutlookconnectionRef"
        },
        "api": {
          "name": "shared_office365"
        }
      }
    },
    "definition": {
      "$schema": "https://schema.management.azure.com/providers/Microsoft.Logic/schemas/2016-06-01/workflowdefinition.json#",
      "contentVersion": "1.0.0.0",
      "parameters": {
        "$connections": {
          "defaultValue": {},
          "type": "Object"
        },
        "$authentication": {
          "defaultValue": {},
          "type": "SecureObject"
        }
      },
      "triggers": {
        "manual": {
          "metadata": {
            "operationMetadataId": "bf15135f-5f3c-4a59-82b2-29ca9ab597db"
          },
          "type": "Request",
          "kind": "Http",
          "inputs": {}
        }
      },
      "actions": {
        "Parse_JSON": {
          "runAfter": {},
          "metadata": {
            "operationMetadataId": "e52a6479-6611-4ce9-85c7-b77bda6a96b4"
          },
          "type": "ParseJson",
          "inputs": {
            "content": "@triggerMultipartBody(1)",
            "schema": {
              "type": "object",
              "properties": {
                "ContractId": {
                  "type": "integer"
                },
                "FileName": {
                  "type": "string"
                },
                "DesignerEmail": {
                  "type": "string"
                },
                "DesignerFullName": {
                  "type": "string"
                },
                "StudentWebClientAPIKey": {
                  "type": "string"
                },
                "StudentWebClientURL": {
                  "type": "string"
                }
              }
            }
          }
        },
        "Initialize_has_error": {
          "runAfter": {},
          "metadata": {
            "operationMetadataId": "c911b3e5-b20a-4c4f-bcb0-7e9d9c3d4ff4"
          },
          "type": "InitializeVariable",
          "inputs": {
            "variables": [
              {
                "name": "hasError",
                "type": "boolean",
                "value": "@false"
              }
            ]
          }
        },
        "ScopeTry": {
          "actions": {
            "Start_and_wait_for_an_approval": {
              "runAfter": {
                "Post_Request_For_Contract_Status_Update_to_Pending_Approval": [
                  "Succeeded"
                ]
              },
              "metadata": {
                "operationMetadataId": "6b5122da-5863-42e2-ae1f-cac8ed95c3ce"
              },
              "type": "OpenApiConnectionWebhook",
              "inputs": {
                "host": {
                  "connectionName": "shared_approvals",
                  "operationId": "StartAndWaitForAnApproval",
                  "apiId": "/providers/Microsoft.PowerApps/apis/shared_approvals"
                },
                "parameters": {
                  "approvalType": "BasicAwaitAll",
                  "WebhookApprovalCreationInput/title": "Kindly request you to approve",
                  "WebhookApprovalCreationInput/assignedTo": "@{body('Configuration_Parse')?['ApproverEmailId']};",
                  "WebhookApprovalCreationInput/details": "Contract Approval requested on behalf of : @{body('Parse_JSON')?['DesignerFullName']}\n\nDear Approver ,\nPlease find attached contract sent for your approval.\n",
                  "WebhookApprovalCreationInput/enableNotifications": true,
                  "WebhookApprovalCreationInput/enableReassignment": true,
                  "WebhookApprovalCreationInput/attachments": [
                    {
                      "name": "@body('Parse_JSON')?['FileName']",
                      "content": "@base64ToBinary(triggerMultipartBody(0)['$Content'])"
                    }
                  ]
                },
                "authentication": "@parameters('$authentication')"
              }
            },
            "Checking_Approval_Status": {
              "actions": {
                "Post_Request_For_Contract_Status_Update_to_Rejected": {
                  "runAfter": {},
                  "metadata": {
                    "operationMetadataId": "a0886613-81a0-44a9-9515-c199dfd95567"
                  },
                  "type": "Http",
                  "inputs": {
                    "method": "POST",
                    "uri": "@{body('Parse_JSON')?['StudentWebClientURL']}/api/faculty-workload-contract-management/contract-status",
                    "headers": {
                      "ApiKey": "@body('Parse_JSON')?['StudentWebClientAPIKey']"
                    },
                    "body": {
                      "ContractId": "@{body('Parse_JSON')?['ContractId']}",
                      "ContractStatus": "Rejected"
                    }
                  }
                }
              },
              "runAfter": {
                "Start_and_wait_for_an_approval": [
                  "Succeeded"
                ]
              },
              "else": {
                "actions": {
                  "Is_Approved": {
                    "actions": {
                      "Post_Request_For_Contract_Status_Update_to_Approved": {
                        "runAfter": {},
                        "metadata": {
                          "operationMetadataId": "fe37db2d-6397-4666-bd9f-70f25ebb8dbb"
                        },
                        "type": "Http",
                        "inputs": {
                          "method": "POST",
                          "uri": "@{body('Parse_JSON')?['StudentWebClientURL']}/api/faculty-workload-contract-management/contract-status",
                          "headers": {
                            "ApiKey": "@body('Parse_JSON')?['StudentWebClientAPIKey']"
                          },
                          "body": {
                            "ContractId": "@{body('Parse_JSON')?['ContractId']}",
                            "ContractStatus": "Approved"
                          }
                        }
                      }
                    },
                    "runAfter": {},
                    "else": {
                      "actions": {
                        "Contract_Status_Update_to_Generated": {
                          "runAfter": {},
                          "metadata": {
                            "operationMetadataId": "aa09dda2-21a8-4bba-8ece-717af7059260"
                          },
                          "type": "Http",
                          "inputs": {
                            "method": "POST",
                            "uri": "@{body('Parse_JSON')?['StudentWebClientURL']}/api/faculty-workload-contract-management/contract-status",
                            "headers": {
                              "ApiKey": "@body('Parse_JSON')?['StudentWebClientAPIKey']"
                            },
                            "body": {
                              "ContractId": "@{body('Parse_JSON')?['ContractId']}",
                              "ContractStatus": "Generated"
                            }
                          }
                        }
                      }
                    },
                    "expression": {
                      "contains": [
                        "@outputs('Start_and_wait_for_an_approval')?['body/outcome']",
                        "Approve"
                      ]
                    },
                    "metadata": {
                      "operationMetadataId": "c612f0ab-9df0-45f1-afbd-5662038b6c19"
                    },
                    "type": "If"
                  }
                }
              },
              "expression": {
                "contains": [
                  "@outputs('Start_and_wait_for_an_approval')?['body/outcome']",
                  "Reject"
                ]
              },
              "metadata": {
                "operationMetadataId": "44b6ced2-76e3-4964-bc0b-03ea6f80ae52"
              },
              "type": "If"
            },
            "Configuration_Parse": {
              "runAfter": {},
              "metadata": {
                "operationMetadataId": "645252be-ffd1-4480-9643-0d8bb1583767"
              },
              "type": "ParseJson",
              "inputs": {
                "content": "@variables('configuration')",
                "schema": {
                  "type": "object",
                  "properties": {
                    "AdminEmailId": {
                      "type": "string"
                    },
                    "ApproverEmailId": {
                      "type": "string"
                    }
                  }
                }
              },
              "description": "Parsing Json object of Configuration variable"
            },
            "Post_Request_For_Contract_Status_Update_to_Pending_Approval": {
              "runAfter": {
                "Configuration_Parse": [
                  "Succeeded"
                ]
              },
              "metadata": {
                "operationMetadataId": "471d1d8f-fe55-4d66-8ffc-73bf389cb86c"
              },
              "type": "Http",
              "inputs": {
                "method": "POST",
                "uri": "@{body('Parse_JSON')?['StudentWebClientURL']}/api/faculty-workload-contract-management/contract-status",
                "headers": {
                  "ApiKey": "@body('Parse_JSON')?['StudentWebClientAPIKey']"
                },
                "body": {
                  "ContractId": "@{body('Parse_JSON')?['ContractId']}",
                  "ContractStatus": "PendingApproval"
                }
              }
            },
            "Validate_Designer_Email_Id": {
              "actions": {
                "Apply_to_each": {
                  "foreach": "@outputs('Start_and_wait_for_an_approval')?['body/responses']",
                  "actions": {
                    "Send_Email_Notification": {
                      "runAfter": {},
                      "metadata": {
                        "operationMetadataId": "3cff6b1b-7511-4690-b8fc-80cdb57fc01b"
                      },
                      "type": "OpenApiConnection",
                      "inputs": {
                        "host": {
                          "connectionName": "shared_office365",
                          "operationId": "SendEmailV2",
                          "apiId": "/providers/Microsoft.PowerApps/apis/shared_office365"
                        },
                        "parameters": {
                          "emailMessage/To": "@body('Parse_JSON')?['DesignerEmail']",
                          "emailMessage/Subject": "Contract Id: @{body('Parse_JSON')?['ContractId']}- @{items('Apply_to_each')?['approverResponse']}",
                          "emailMessage/Body": "<p><strong>Hi </strong><strong>@{body('Parse_JSON')?['DesignerFullName']}</strong><strong>,</strong><br>\n<br>\nResponse from @{items('Apply_to_each')?['responder/displayName']} for the contract, \"@{items('Apply_to_each')?['approverResponse']}\".<br>\n<br>\nComments from the approver @{items('Apply_to_each')?['responder/displayName']}:<br>\n<br>\n@{items('Apply_to_each')?['comments']}<br>\n<br>\n<br>\n<strong>Thanks</strong><br>\n@{items('Apply_to_each')?['responder/displayName']}<br>\n<br>\n</p>"
                        },
                        "authentication": "@parameters('$authentication')"
                      }
                    }
                  },
                  "runAfter": {},
                  "metadata": {
                    "operationMetadataId": "bf0f4528-05e4-48c6-9930-9134a16ad556"
                  },
                  "type": "Foreach"
                }
              },
              "runAfter": {
                "Checking_Approval_Status": [
                  "Succeeded"
                ]
              },
              "expression": {
                "not": {
                  "equals": [
                    "@empty(trim(body('Parse_JSON')?['DesignerEmail']))",
                    "@true"
                  ]
                }
              },
              "metadata": {
                "operationMetadataId": "4513dc83-67ee-4fb7-aaad-fe0cb2ab8f07"
              },
              "type": "If"
            }
          },
          "runAfter": {
            "Configuration": [
              "Succeeded"
            ],
            "Initialize_has_error": [
              "Succeeded"
            ]
          },
          "metadata": {
            "operationMetadataId": "ea8aa43a-e607-4c83-b31a-5b1119dd3731"
          },
          "type": "Scope"
        },
        "ScopeCatch": {
          "actions": {
            "Set_variable": {
              "runAfter": {},
              "metadata": {
                "operationMetadataId": "bc8f53d4-5cfd-40f7-8c5a-431f017a8d9d"
              },
              "type": "SetVariable",
              "inputs": {
                "name": "hasError",
                "value": "@true"
              }
            }
          },
          "runAfter": {
            "ScopeTry": [
              "Failed",
              "Skipped",
              "TimedOut"
            ]
          },
          "metadata": {
            "operationMetadataId": "ef0ea248-35b3-4436-9a5a-439e3afdb22d"
          },
          "type": "Scope"
        },
        "ScopeFinally": {
          "actions": {
            "Checking_hasError_Status": {
              "actions": {
                "Post_Request_For_Contract_Status_Update_to_Generated": {
                  "runAfter": {},
                  "metadata": {
                    "operationMetadataId": "79e8ca64-4b70-47dc-9c2a-fc8494e4760f"
                  },
                  "type": "Http",
                  "inputs": {
                    "method": "POST",
                    "uri": "@{body('Parse_JSON')?['StudentWebClientURL']}/api/faculty-workload-contract-management/contract-status",
                    "headers": {
                      "ApiKey": "@body('Parse_JSON')?['StudentWebClientAPIKey']"
                    },
                    "body": {
                      "ContractId": "@{body('Parse_JSON')?['ContractId']}",
                      "ContractStatus": "Generated"
                    }
                  },
                  "description": "Because of above action has failed, contract status revert back to 'Generated'. "
                },
                "Send_Failure_Message_to_administrator": {
                  "runAfter": {
                    "Post_Request_For_Contract_Status_Update_to_Generated": [
                      "Succeeded"
                    ]
                  },
                  "metadata": {
                    "operationMetadataId": "8abc806b-beda-4705-9e7c-17b239c208b3"
                  },
                  "type": "OpenApiConnection",
                  "inputs": {
                    "host": {
                      "connectionName": "shared_office365",
                      "operationId": "SendEmailV2",
                      "apiId": "/providers/Microsoft.PowerApps/apis/shared_office365"
                    },
                    "parameters": {
                      "emailMessage/To": "@body('Configuration_Parse')?['AdminEmailId']",
                      "emailMessage/Subject": "Contract Approval flow failed",
                      "emailMessage/Body": "<p><strong>Hi,</strong><br>\nThe flow Faculty Contract Approval with ContractId \"@{body('Parse_JSON')?['ContractId']}\" has failed.<br>\n<br>\n<a href=\"@{concat('https://us.flow.microsoft.com/manage/environments/',workflow()['tags']['environmentName'],'/flows/',   workflow()['name'],'/runs/',workflow()['run']['name'])}\">Click here to find the run failure details. <strong>(Run History)</strong></a><br>\nError Output:<br>\n<br>\n@{result('ScopeTry')}</p>"
                    },
                    "authentication": "@parameters('$authentication')"
                  }
                }
              },
              "runAfter": {},
              "else": {
                "actions": {
                  "Send_Success_Message_to_Administrator": {
                    "runAfter": {},
                    "metadata": {
                      "operationMetadataId": "f87bfa84-2930-4c52-8fc3-50deddfaf84f"
                    },
                    "type": "OpenApiConnection",
                    "inputs": {
                      "host": {
                        "connectionName": "shared_office365",
                        "operationId": "SendEmailV2",
                        "apiId": "/providers/Microsoft.PowerApps/apis/shared_office365"
                      },
                      "parameters": {
                        "emailMessage/To": "@body('Configuration_Parse')?['AdminEmailId']",
                        "emailMessage/Subject": "Contract Approval flow: success",
                        "emailMessage/Body": "<p><strong>Hi,</strong><br>\nThe flow Faculty Contract Approval with ContractId \"@{body('Parse_JSON')?['ContractId']}\" has succeeded.<br>\n<br>\n<br>\n<a href=\"@{concat('https://us.flow.microsoft.com/manage/environments/',workflow()['tags']['environmentName'],'/flows/',   workflow()['name'],'/runs/',workflow()['run']['name'])}\">Click here to find the run details. <strong>(Run History)</strong></a></p>"
                      },
                      "authentication": "@parameters('$authentication')"
                    }
                  }
                }
              },
              "expression": {
                "equals": [
                  "@variables('hasError')",
                  "@true"
                ]
              },
              "metadata": {
                "operationMetadataId": "0fefbba8-a490-45f9-a4fe-af7a89b62861"
              },
              "type": "If",
              "description": "checking 'hasError' value if true means some issue has occurred in above action otherwise no issue is there."
            }
          },
          "runAfter": {
            "ScopeCatch": [
              "Succeeded",
              "Failed",
              "Skipped",
              "TimedOut"
            ]
          },
          "metadata": {
            "operationMetadataId": "aa812a85-b81d-4615-b916-4ab66bc4461f"
          },
          "type": "Scope"
        },
        "Configuration": {
          "runAfter": {
            "Parse_JSON": [
              "Succeeded"
            ]
          },
          "metadata": {
            "operationMetadataId": "390fcaaf-71a3-4743-a8c4-49f43fb7ea5d"
          },
          "type": "InitializeVariable",
          "inputs": {
            "variables": [
              {
                "name": "configuration",
                "type": "object",
                "value": {
                  "AdminEmailId": "<AdminEmail@Domain.com>",
                  "ApproverEmailId": "<ApproverEmail@Domain.com>"
                }
              }
            ]
          },
          "description": "Replace placeholder value with actual value "
        }
      },
      "outputs": {}
    }
  },
  "schemaVersion": "1.0.0.0"
}