{
  "properties": {
    "connectionReferences": {
      "shared_approvals": {
        "runtimeSource": "embedded",
        "connection": {
          "connectionReferenceLogicalName": "new_ApprovalReference"
        },
        "api": {
          "name": "shared_approvals"
        }
      },
      "shared_office365": {
        "runtimeSource": "embedded",
        "connection": {
          "connectionReferenceLogicalName": "new_Office365OutlookconnectionRef"
        },
        "api": {
          "name": "shared_office365"
        }
      }
    },
    "definition": {
      "$schema": "https://schema.management.azure.com/providers/Microsoft.Logic/schemas/2016-06-01/workflowdefinition.json#",
      "contentVersion": "1.0.0.0",
      "parameters": {
        "$connections": {
          "defaultValue": {},
          "type": "Object"
        },
        "$authentication": {
          "defaultValue": {},
          "type": "SecureObject"
        }
      },
      "triggers": {
        "manual": {
          "metadata": {
            "operationMetadataId": "708bc422-b257-4e96-812c-17a27081b423"
          },
          "type": "Request",
          "kind": "Http",
          "inputs": {}
        }
      },
      "actions": {
        "Parse_JSON": {
          "runAfter": {},
          "metadata": {
            "operationMetadataId": "ba84d705-b6a9-4010-bed8-2aadbc9d886f"
          },
          "type": "ParseJson",
          "inputs": {
            "content": "@triggerMultipartBody(1)",
            "schema": {
              "type": "object",
              "properties": {
                "ContractTemplateCode": {
                  "type": "string"
                },
                "DesignerEmail": {
                  "type": "string"
                },
                "DesignerFullName": {
                  "type": "string"
                },
                "StudentWebClientAPIKey": {
                  "type": "string"
                },
                "StudentWebClientURL": {
                  "type": "string"
                },
                "Extension": {
                  "type": "string"
                }
              }
            }
          }
        },
        "Initialize_hassError": {
          "runAfter": {},
          "metadata": {
            "operationMetadataId": "17c5ecfe-b813-4e35-a58c-658f33d1c090"
          },
          "type": "InitializeVariable",
          "inputs": {
            "variables": [
              {
                "name": "hasError",
                "type": "boolean",
                "value": "@false"
              }
            ]
          }
        },
        "ScopeTry": {
          "actions": {
            "Start_and_wait_for_an_approval": {
              "runAfter": {
                "Update_Contract_Template_Status_to_Pending_Approval": [
                  "Succeeded"
                ]
              },
              "metadata": {
                "operationMetadataId": "bdcf3f32-6901-417d-9658-dcc606e3e1df"
              },
              "type": "OpenApiConnectionWebhook",
              "inputs": {
                "host": {
                  "connectionName": "shared_approvals",
                  "operationId": "StartAndWaitForAnApproval",
                  "apiId": "/providers/Microsoft.PowerApps/apis/shared_approvals"
                },
                "parameters": {
                  "approvalType": "BasicAwaitAll",
                  "WebhookApprovalCreationInput/title": "Kindly request you to approve",
                  "WebhookApprovalCreationInput/assignedTo": "@{body('Configuration_Parse')?['ApproverEmailId']};",
                  "WebhookApprovalCreationInput/details": "Contract Template Approval requested on behalf of : @{body('Parse_JSON')?['DesignerFullName']}\n\nDear Approver,\nPlease find attached contract template for your approval.\n",
                  "WebhookApprovalCreationInput/enableNotifications": true,
                  "WebhookApprovalCreationInput/enableReassignment": true,
                  "WebhookApprovalCreationInput/attachments": [
                    {
                      "name": "@concat(body('Parse_JSON')?['ContractTemplateCode'],'.',body('Parse_JSON')?['Extension'])",
                      "content": "@base64ToBinary(triggerMultipartBody(0)['$Content'])"
                    }
                  ]
                },
                "authentication": "@parameters('$authentication')"
              }
            },
            "Condition": {
              "actions": {
                "Update_Contract_Template_Status_to_Rejected": {
                  "runAfter": {},
                  "metadata": {
                    "operationMetadataId": "be4bc8aa-46be-4e54-b415-72aef544d9f4"
                  },
                  "type": "Http",
                  "inputs": {
                    "method": "POST",
                    "uri": "@{body('Parse_JSON')?['StudentWebClientURL']}/api/faculty-workload-contract-management/contract-template-status",
                    "headers": {
                      "ApiKey": "@body('Parse_JSON')?['StudentWebClientAPIKey']"
                    },
                    "body": {
                      "Code": "@{body('Parse_JSON')?['ContractTemplateCode']}",
                      "Status": "Rejected"
                    }
                  }
                }
              },
              "runAfter": {
                "Start_and_wait_for_an_approval": [
                  "Succeeded"
                ]
              },
              "else": {
                "actions": {
                  "Is_Approved": {
                    "actions": {
                      "Update_Contract_Template_Status_to_Approved": {
                        "runAfter": {},
                        "metadata": {
                          "operationMetadataId": "18758400-30da-4de3-8e14-f39cb8a90c9c"
                        },
                        "type": "Http",
                        "inputs": {
                          "method": "POST",
                          "uri": "@{body('Parse_JSON')?['StudentWebClientURL']}/api/faculty-workload-contract-management/contract-template-status",
                          "headers": {
                            "ApiKey": "@body('Parse_JSON')?['StudentWebClientAPIKey']"
                          },
                          "body": {
                            "Code": "@{body('Parse_JSON')?['ContractTemplateCode']}",
                            "Status": "Approved"
                          }
                        }
                      }
                    },
                    "runAfter": {},
                    "else": {
                      "actions": {
                        "Terminate_Update_Contract_Template_status_to_InDraft": {
                          "runAfter": {},
                          "metadata": {
                            "operationMetadataId": "bad6f60b-5d46-4d44-9f1c-6c9bee0a97a7"
                          },
                          "type": "Http",
                          "inputs": {
                            "method": "POST",
                            "uri": "@{body('Parse_JSON')?['StudentWebClientURL']}/api/faculty-workload-contract-management/contract-template-status",
                            "headers": {
                              "ApiKey": "@body('Parse_JSON')?['StudentWebClientAPIKey']"
                            },
                            "body": {
                              "Code": "@{body('Parse_JSON')?['ContractTemplateCode']}",
                              "Status": "InDraft"
                            }
                          }
                        }
                      }
                    },
                    "expression": {
                      "contains": [
                        "@outputs('Start_and_wait_for_an_approval')?['body/outcome']",
                        "Approve"
                      ]
                    },
                    "metadata": {
                      "operationMetadataId": "8aa6d4e8-69b1-4014-87df-e7eab63ebee1"
                    },
                    "type": "If"
                  }
                }
              },
              "expression": {
                "contains": [
                  "@outputs('Start_and_wait_for_an_approval')?['body/outcome']",
                  "Reject"
                ]
              },
              "metadata": {
                "operationMetadataId": "44e1ab51-bacd-40f2-b58a-ede77aedfbfe"
              },
              "type": "If"
            },
            "Configuration_Parse": {
              "runAfter": {},
              "metadata": {
                "operationMetadataId": "9d9e6167-ca16-47f6-958a-e5699444eb14"
              },
              "type": "ParseJson",
              "inputs": {
                "content": "@variables('configuration')",
                "schema": {
                  "type": "object",
                  "properties": {
                    "AdminEmailId": {
                      "type": "string"
                    },
                    "ApproverEmailId": {
                      "type": "string"
                    }
                  }
                }
              },
              "description": "Parsing Json object of Configuration variable"
            },
            "Update_Contract_Template_Status_to_Pending_Approval": {
              "runAfter": {
                "Configuration_Parse": [
                  "Succeeded"
                ]
              },
              "metadata": {
                "operationMetadataId": "269a1047-e969-4da0-a346-cb57ef31c7c3"
              },
              "type": "Http",
              "inputs": {
                "method": "POST",
                "uri": "@{body('Parse_JSON')?['StudentWebClientURL']}/api/faculty-workload-contract-management/contract-template-status",
                "headers": {
                  "ApiKey": "@body('Parse_JSON')?['StudentWebClientAPIKey']"
                },
                "body": {
                  "Code": "@{body('Parse_JSON')?['ContractTemplateCode']}",
                  "Status": "PendingApproval"
                }
              }
            },
            "Validate_Designer_Email_Id": {
              "actions": {
                "Apply_to_each": {
                  "foreach": "@outputs('Start_and_wait_for_an_approval')?['body/responses']",
                  "actions": {
                    "Send_an_email": {
                      "runAfter": {},
                      "metadata": {
                        "operationMetadataId": "dc04a00f-cf1c-4364-bbb7-893ab0f87fe1"
                      },
                      "type": "OpenApiConnection",
                      "inputs": {
                        "host": {
                          "connectionName": "shared_office365",
                          "operationId": "SendEmailV2",
                          "apiId": "/providers/Microsoft.PowerApps/apis/shared_office365"
                        },
                        "parameters": {
                          "emailMessage/To": "@{body('Parse_JSON')?['DesignerEmail']} ",
                          "emailMessage/Subject": "@{body('Parse_JSON')?['ContractTemplateCode']}:@{items('Apply_to_each')?['approverResponse']}",
                          "emailMessage/Body": "<p><strong>Hi </strong><strong>@{body('Parse_JSON')?['DesignerFullName']}</strong><strong>,</strong><br>\n<br>\nResponse from @{items('Apply_to_each')?['responder/displayName']} for the contract template,\"@{items('Apply_to_each')?['approverResponse']}\".<br>\n<br>\nComments from the approver @{items('Apply_to_each')?['responder/displayName']}:<br>\n<br>\n@{items('Apply_to_each')?['comments']}<br>\n<br>\n<br>\n<strong>Thanks</strong><br>\n@{items('Apply_to_each')?['responder/displayName']}<br>\n<br>\n</p>"
                        },
                        "authentication": "@parameters('$authentication')"
                      }
                    }
                  },
                  "runAfter": {},
                  "metadata": {
                    "operationMetadataId": "a09a7d1f-2390-4eb7-bed9-b057f67820d9"
                  },
                  "type": "Foreach"
                }
              },
              "runAfter": {
                "Condition": [
                  "Succeeded"
                ]
              },
              "expression": {
                "not": {
                  "equals": [
                    "@empty(trim(body('Parse_JSON')?['DesignerEmail']))",
                    "@true"
                  ]
                }
              },
              "metadata": {
                "operationMetadataId": "99641138-15f5-4756-9f72-bad1f8f53e10"
              },
              "type": "If",
              "description": "if designer email id is empty no need to send email. "
            }
          },
          "runAfter": {
            "Initialize_hassError": [
              "Succeeded"
            ],
            "Configuration": [
              "Succeeded"
            ]
          },
          "metadata": {
            "operationMetadataId": "7ef1c907-e56a-4d33-9197-e1571becc3c8"
          },
          "type": "Scope"
        },
        "ScopeCatch": {
          "actions": {
            "Set_variable": {
              "runAfter": {},
              "metadata": {
                "operationMetadataId": "d8025223-a5ca-42e6-bcba-3075b6372f58"
              },
              "type": "SetVariable",
              "inputs": {
                "name": "hasError",
                "value": "@true"
              }
            }
          },
          "runAfter": {
            "ScopeTry": [
              "Failed",
              "TimedOut",
              "Skipped"
            ]
          },
          "metadata": {
            "operationMetadataId": "05760a0d-6b39-44c3-8768-11d5fb441a42"
          },
          "type": "Scope"
        },
        "ScopeFinally": {
          "actions": {
            "Checking_hasError_Status": {
              "actions": {
                "HTTP": {
                  "runAfter": {},
                  "metadata": {
                    "operationMetadataId": "3e9dbe8f-2d87-452a-866e-7036e6c1fe62"
                  },
                  "type": "Http",
                  "inputs": {
                    "method": "POST",
                    "uri": "@{body('Parse_JSON')?['StudentWebClientURL']}/api/faculty-workload-contract-management/contract-template-status",
                    "headers": {
                      "ApiKey": "@body('Parse_JSON')?['StudentWebClientAPIKey']"
                    },
                    "body": {
                      "Code": "@{body('Parse_JSON')?['ContractTemplateCode']}",
                      "Status": "InDraft"
                    }
                  }
                },
                "Send_Failure_Message_to_administrator": {
                  "runAfter": {
                    "HTTP": [
                      "Succeeded"
                    ]
                  },
                  "metadata": {
                    "operationMetadataId": "036ca0e2-87cd-4fa0-85a8-805bb70d7cd5"
                  },
                  "type": "OpenApiConnection",
                  "inputs": {
                    "host": {
                      "connectionName": "shared_office365",
                      "operationId": "SendEmailV2",
                      "apiId": "/providers/Microsoft.PowerApps/apis/shared_office365"
                    },
                    "parameters": {
                      "emailMessage/To": "@body('Configuration_Parse')?['AdminEmailId']",
                      "emailMessage/Subject": "Contract Template Approval flow failed",
                      "emailMessage/Body": "<p><strong>Hi,</strong><br>\nThe flow Faculty Contract Template Approval with code \"@{body('Parse_JSON')?['ContractTemplateCode']}\" has failed.<br>\n<br>\n<a href=\"@{concat('https://us.flow.microsoft.com/manage/environments/',workflow()['tags']['environmentName'],'/flows/',   workflow()['name'],'/runs/',workflow()['run']['name'])}\">Click here to find the run failure details. <strong>(Run History)</strong></a><br>\nError Output:<br>\n<br>\n@{result('ScopeTry')}</p>"
                    },
                    "authentication": "@parameters('$authentication')"
                  }
                }
              },
              "runAfter": {},
              "else": {
                "actions": {
                  "Send_Success_Message_to_Administrator": {
                    "runAfter": {},
                    "metadata": {
                      "operationMetadataId": "f1963dbe-8ae9-4864-a6cd-dad64032f7ec"
                    },
                    "type": "OpenApiConnection",
                    "inputs": {
                      "host": {
                        "connectionName": "shared_office365",
                        "operationId": "SendEmailV2",
                        "apiId": "/providers/Microsoft.PowerApps/apis/shared_office365"
                      },
                      "parameters": {
                        "emailMessage/To": "@body('Configuration_Parse')?['AdminEmailId']",
                        "emailMessage/Subject": "Contract Template Approval flow: success",
                        "emailMessage/Body": "<p><strong>Hi,</strong><br>\nThe flow Faculty Contract Template Approval with code \"@{body('Parse_JSON')?['ContractTemplateCode']}\" has succeeded.<br>\n<br>\n<br>\n<a href=\"@{concat('https://us.flow.microsoft.com/manage/environments/',workflow()['tags']['environmentName'],'/flows/',   workflow()['name'],'/runs/',workflow()['run']['name'])}\">Click here to find the run details. <strong>(Run History)</strong></a>\n</p>"
                      },
                      "authentication": "@parameters('$authentication')"
                    }
                  }
                }
              },
              "expression": {
                "equals": [
                  "@variables('hasError')",
                  "@true"
                ]
              },
              "metadata": {
                "operationMetadataId": "90637e01-ff75-4357-907b-ad4357cc52fe"
              },
              "type": "If",
              "description": "checking 'hasError' value if true means some issue has occurred in above action else no issue is there."
            }
          },
          "runAfter": {
            "ScopeCatch": [
              "Succeeded",
              "Failed",
              "Skipped",
              "TimedOut"
            ]
          },
          "metadata": {
            "operationMetadataId": "28769708-67b2-46c2-bad4-599fc8c1c1d3"
          },
          "type": "Scope"
        },
        "Configuration": {
          "runAfter": {
            "Parse_JSON": [
              "Succeeded"
            ]
          },
          "metadata": {
            "operationMetadataId": "f9d1574f-9534-4b94-b88d-d67c3a0ae51b"
          },
          "type": "InitializeVariable",
          "inputs": {
            "variables": [
              {
                "name": "configuration",
                "type": "object",
                "value": {
                  "AdminEmailId": "<AdminEmail@Domain.com>",
                  "ApproverEmailId": "<ApproverEmail@Domain.com>"
                }
              }
            ]
          },
          "description": "Replace placeholder value with actual value"
        }
      },
      "outputs": {}
    }
  },
  "schemaVersion": "1.0.0.0"
}