{
  "properties": {
    "connectionReferences": {
      "shared_office365": {
        "runtimeSource": "embedded",
        "connection": {
          "connectionReferenceLogicalName": "new_Office365OutlookconnectionRef"
        },
        "api": {
          "name": "shared_office365"
        }
      },
      "shared_adobesign_1": {
        "runtimeSource": "embedded",
        "connection": {
          "connectionReferenceLogicalName": "cr139_AdobeSignConnectionRef"
        },
        "api": {
          "name": "shared_adobesign"
        }
      }
    },
    "definition": {
      "$schema": "https://schema.management.azure.com/providers/Microsoft.Logic/schemas/2016-06-01/workflowdefinition.json#",
      "contentVersion": "1.0.0.0",
      "parameters": {
        "$connections": {
          "defaultValue": {},
          "type": "Object"
        },
        "$authentication": {
          "defaultValue": {},
          "type": "SecureObject"
        }
      },
      "triggers": {
        "When_the_state_of_an_agreement_changes": {
          "metadata": {
            "operationMetadataId": "5fc05c47-d96c-48a7-bcbc-a33d6daeeb39"
          },
          "type": "OpenApiConnectionWebhook",
          "inputs": {
            "host": {
              "connectionName": "shared_adobesign_1",
              "operationId": "CreateWebhookForAgreementStatusUpdated",
              "apiId": "/providers/Microsoft.PowerApps/apis/shared_adobesign"
            },
            "parameters": {
              "WebhookCreationInfo/name": "Faculty eSignature Response",
              "WebhookCreationInfo/scope": "Any agreement in my account",
              "WebhookCreationInfo/webhookSubscriptionEvents": [
                "When an agreement workflow is completed successfully",
                "When an agreement is rejected by a participant",
                "When an agreement is cancelled"
              ],
              "WebhookCreationInfo/webhookConditionalParams/webhookAgreementEvents/includeDetailedInfo": true,
              "WebhookCreationInfo/webhookConditionalParams/webhookAgreementEvents/includeParticipantsInfo": true,
              "WebhookCreationInfo/webhookConditionalParams/webhookAgreementEvents/includeDocumentsInfo": true,
              "WebhookCreationInfo/webhookConditionalParams/webhookAgreementEvents/includeSignedDocuments": true
            },
            "authentication": "@parameters('$authentication')"
          }
        }
      },
      "actions": {
        "Agreement_Status": {
          "runAfter": {},
          "metadata": {
            "operationMetadataId": "63335f40-993b-4254-ad4b-54415e959078"
          },
          "type": "Compose",
          "inputs": "@triggerOutputs()?['body/agreement/status']"
        },
        "ExternalId_Information": {
          "runAfter": {},
          "metadata": {
            "operationMetadataId": "7e2c9052-fcbf-4de9-888d-8b48527c47af"
          },
          "type": "Compose",
          "inputs": "@triggerOutputs()?['body/agreement/externalId']"
        },
        "ScopeTry": {
          "actions": {
            "Checking_Agreement_Status": {
              "actions": {
                "Agreement_Sign_Document": {
                  "runAfter": {},
                  "metadata": {
                    "operationMetadataId": "f3420bf8-b8ae-4fd2-a65c-ced0423ecf96"
                  },
                  "type": "Compose",
                  "inputs": "@triggerOutputs()?['body/agreement/signedDocumentInfo/document']"
                },
                "Update_Faculty_Esign_Status_For_Acceptance": {
                  "runAfter": {
                    "Agreement_Sign_Document": [
                      "Succeeded"
                    ]
                  },
                  "metadata": {
                    "operationMetadataId": "36ee925a-04ee-413b-a3b8-81893fbe2b5b"
                  },
                  "type": "Http",
                  "inputs": {
                    "method": "POST",
                    "uri": "@{outputs('Extract_External_Id_Information')?[1]}/api/faculty-workload-contract-management/faculty-esign-status",
                    "headers": {
                      "ApiKey": "@{outputs('Extract_External_Id_Information')?[2]}",
                      "content-type": "application/json"
                    },
                    "body": {
                      "ContractId": "@outputs('Extract_External_Id_Information')?[0]",
                      "ContractStatus": "acceptedbyfaculty",
                      "ContractFileName": "@{outputs('Extract_External_Id_Information')?[3]}",
                      "Comments": "",
                      "ContractFile": "@outputs('Agreement_Sign_Document')"
                    }
                  }
                }
              },
              "runAfter": {
                "Extract_External_Id_Information": [
                  "Succeeded"
                ]
              },
              "else": {
                "actions": {
                  "Update_Faculty_Esign_Status_For_Rejection": {
                    "runAfter": {
                      "Declined_Message": [
                        "Succeeded"
                      ]
                    },
                    "metadata": {
                      "operationMetadataId": "a6c417b1-795c-46d6-a48f-43e2aa9efb59"
                    },
                    "type": "Http",
                    "inputs": {
                      "method": "POST",
                      "uri": "@{outputs('Extract_External_Id_Information')?[1]}/api/faculty-workload-contract-management/faculty-esign-status",
                      "headers": {
                        "ApiKey": "@{outputs('Extract_External_Id_Information')?[2]}",
                        "content-type": "application/json"
                      },
                      "body": {
                        "ContractId": "@outputs('Extract_External_Id_Information')?[0]",
                        "ContractStatus": "rejectedbyfaculty",
                        "ContractFileName": "@{replace(outputs('Extract_External_Id_Information')?[3],'pdf','docx')}",
                        "Comments": "@{outputs('Declined_Message')}",
                        "ContractFile": ""
                      }
                    }
                  },
                  "Agreement_events": {
                    "runAfter": {},
                    "metadata": {
                      "operationMetadataId": "c950e93b-73dc-4b23-bd7c-20ba4cb8b58e"
                    },
                    "type": "Http",
                    "inputs": {
                      "method": "GET",
                      "uri": "@{body('Configuration_Parse')?['ESignBaseUrl']}api/rest/v6/agreements/@{triggerOutputs()?['body/agreement/id']}/events",
                      "headers": {
                        "Authorization": "Bearer @{actions('Secure_Configuration')?['trackedProperties']?['IntegrationKey']}"
                      }
                    }
                  },
                  "Filter_Declined_Message_in_Agreement_events": {
                    "runAfter": {
                      "Agreement_events": [
                        "Succeeded"
                      ]
                    },
                    "metadata": {
                      "operationMetadataId": "9e6f5a3a-8a0a-4110-8d0d-846a699ed98b"
                    },
                    "type": "Query",
                    "inputs": {
                      "from": "@body('Agreement_events')?['events']",
                      "where": "@equals(item()['type'], 'REJECTED')"
                    }
                  },
                  "Declined_Message": {
                    "runAfter": {
                      "Filter_Declined_Message_in_Agreement_events": [
                        "Succeeded"
                      ]
                    },
                    "metadata": {
                      "operationMetadataId": "6819c6c0-bc63-46d3-b666-3b8c5c40d234"
                    },
                    "type": "Compose",
                    "inputs": "@body('Filter_Declined_Message_in_Agreement_events')?[0]['comment']"
                  }
                }
              },
              "expression": {
                "equals": [
                  "@outputs('Agreement_Status')",
                  "SIGNED"
                ]
              },
              "metadata": {
                "operationMetadataId": "5b8bafcf-bb6f-4ab7-be50-4fe3f8be2fbb"
              },
              "type": "If"
            },
            "Configuration_Parse": {
              "runAfter": {},
              "metadata": {
                "operationMetadataId": "fd456dda-976e-4478-82c9-6031cef7ce1f"
              },
              "type": "ParseJson",
              "inputs": {
                "content": "@variables('Configuration')",
                "schema": {
                  "type": "object",
                  "properties": {
                    "AdminEmailId": {
                      "type": "string"
                    },
                    "ESignBaseUrl": {
                      "type": "string"
                    }
                  }
                }
              }
            },
            "Extract_External_Id_Information": {
              "runAfter": {
                "Configuration_Parse": [
                  "Succeeded"
                ]
              },
              "metadata": {
                "operationMetadataId": "b62a21de-f28e-4662-a811-7b9938c63c26"
              },
              "type": "Compose",
              "inputs": "@split(outputs('ExternalId_Information')?['id'],'|')"
            }
          },
          "runAfter": {
            "Has_Error": [
              "Succeeded"
            ],
            "Secure_Configuration": [
              "Succeeded"
            ]
          },
          "metadata": {
            "operationMetadataId": "4501ca06-eb56-4103-a97c-326f5d922d60"
          },
          "type": "Scope"
        },
        "Has_Error": {
          "runAfter": {
            "Agreement_Status": [
              "Succeeded"
            ]
          },
          "metadata": {
            "operationMetadataId": "2e54724e-efac-46b4-a204-9f33f2102e95"
          },
          "type": "InitializeVariable",
          "inputs": {
            "variables": [
              {
                "name": "HasError",
                "type": "boolean",
                "value": "@false"
              }
            ]
          }
        },
        "ScopeCatch": {
          "actions": {
            "Set_variable": {
              "runAfter": {},
              "metadata": {
                "operationMetadataId": "8c4c7220-62e7-40ff-920b-a7517b8384cb"
              },
              "type": "SetVariable",
              "inputs": {
                "name": "HasError",
                "value": "@true"
              }
            }
          },
          "runAfter": {
            "ScopeTry": [
              "Failed",
              "Skipped",
              "TimedOut"
            ]
          },
          "metadata": {
            "operationMetadataId": "de68a366-618f-4e37-b6f4-3fb116df879f"
          },
          "type": "Scope"
        },
        "ScopeFinally": {
          "actions": {
            "Checking_HasError_Status": {
              "actions": {
                "Send_Failure_Message_to_administrator": {
                  "runAfter": {},
                  "metadata": {
                    "operationMetadataId": "190fcffb-49e1-48e5-91c2-868f8ea66356"
                  },
                  "type": "OpenApiConnection",
                  "inputs": {
                    "host": {
                      "connectionName": "shared_office365",
                      "operationId": "SendEmailV2",
                      "apiId": "/providers/Microsoft.PowerApps/apis/shared_office365"
                    },
                    "parameters": {
                      "emailMessage/To": "@body('Configuration_Parse')?['AdminEmailId']",
                      "emailMessage/Subject": "Faculty eSignature Response With Adobe Sign: Failed",
                      "emailMessage/Body": "<p><strong>Hi,</strong><br>\nThe flow Faculty eSignature Response With SignNow with ContractId \"@{outputs('Extract_External_Id_Information')?[0]}\" has failed.<br>\n<br>\n<a href=\"@{concat('https://us.flow.microsoft.com/manage/environments/',workflow()['tags']['environmentName'],'/flows/',   workflow()['name'],'/runs/',workflow()['run']['name'])}\">Click here to find the run failure details. <strong>(Run History)</strong></a><br>\nError Output:<br>\n<br>\n@{result('ScopeTry')}</p>"
                    },
                    "authentication": "@parameters('$authentication')"
                  }
                }
              },
              "runAfter": {},
              "else": {
                "actions": {
                  "Send_success_message_to_administrator": {
                    "runAfter": {},
                    "metadata": {
                      "operationMetadataId": "ff148434-282a-41d0-965e-d5773e8c490e"
                    },
                    "type": "OpenApiConnection",
                    "inputs": {
                      "host": {
                        "connectionName": "shared_office365",
                        "operationId": "SendEmailV2",
                        "apiId": "/providers/Microsoft.PowerApps/apis/shared_office365"
                      },
                      "parameters": {
                        "emailMessage/To": "@body('Configuration_Parse')?['AdminEmailId']",
                        "emailMessage/Subject": "Faculty eSignature Response With Adobe Sign: Succeeded",
                        "emailMessage/Body": "<p><strong>Hi,</strong><br>\nThe flow Faculty eSignature Response With SignNow with ContractId \"@{outputs('Extract_External_Id_Information')?[0]}\" has succeeded.<br>\n<br>\n<br>\n<a href=\"@{concat('https://us.flow.microsoft.com/manage/environments/',workflow()['tags']['environmentName'],'/flows/',   workflow()['name'],'/runs/',workflow()['run']['name'])}\">Click here to find the run details. <strong>(Run History)</strong></a>\n</p>"
                      },
                      "authentication": "@parameters('$authentication')"
                    }
                  }
                }
              },
              "expression": {
                "equals": [
                  "@variables('HasError')",
                  "@true"
                ]
              },
              "metadata": {
                "operationMetadataId": "3b2dc8cb-b4c1-49a1-bf9b-db92b2219fc7"
              },
              "type": "If"
            }
          },
          "runAfter": {
            "ScopeCatch": [
              "Succeeded",
              "Failed",
              "Skipped",
              "TimedOut"
            ]
          },
          "metadata": {
            "operationMetadataId": "fd344ad0-7edc-485f-af78-1eeb32b7fcfa"
          },
          "type": "Scope"
        },
        "Configuration": {
          "runAfter": {
            "ExternalId_Information": [
              "Succeeded"
            ]
          },
          "metadata": {
            "operationMetadataId": "ff2f10dc-4d5e-4b72-8419-fc6668f3fc93"
          },
          "type": "InitializeVariable",
          "inputs": {
            "variables": [
              {
                "name": "Configuration",
                "type": "object",
                "value": {
                  "AdminEmailId": "<Admin Email Id>",
                  "ESignBaseUrl": "<Adobe sign Base Url>"
                }
              }
            ]
          }
        },
        "Secure_Configuration": {
          "runAfter": {
            "Configuration": [
              "Succeeded"
            ]
          },
          "trackedProperties": {
            "IntegrationKey": "<IntegrationKey>"
          },
          "metadata": {
            "operationMetadataId": "b89f3cb1-f919-47f6-8ca3-36001724d29e"
          },
          "type": "Compose",
          "inputs": "Secure",
          "runtimeConfiguration": {
            "secureData": {
              "properties": [
                "inputs"
              ]
            }
          }
        }
      },
      "outputs": {}
    }
  },
  "schemaVersion": "1.0.0.0"
}