{"properties":{"connectionReferences":{"shared_approvals":{"runtimeSource":"embedded","connection":{"connectionReferenceLogicalName":"new_ApprovalReference"},"api":{"name":"shared_approvals"}},"shared_office365":{"runtimeSource":"embedded","connection":{"connectionReferenceLogicalName":"new_Office365OutlookconnectionRef"},"api":{"name":"shared_office365"}}},"definition":{"$schema":"https://schema.management.azure.com/providers/Microsoft.Logic/schemas/2016-06-01/workflowdefinition.json#","contentVersion":"1.0.0.0","parameters":{"$connections":{"defaultValue":{},"type":"Object"},"$authentication":{"defaultValue":{},"type":"SecureObject"},"StudentWebClientAPIKey":{"defaultValue":"5T5yAF5FWiMzZD8TqM7mPehONFtV6D0SDIEMTZdE6UyQ79MFgm3TtYLFcSWSv2ju","type":"String","metadata":{"schemaName":"new_FwmApiKey","description":"API Key Guid"}},"StudentWebClientURL":{"defaultValue":"https://sisclientweb-tst-900046.campusnexus.cloud/","type":"String","metadata":{"schemaName":"new_BaseUrl","description":"Application Base Url "}}},"triggers":{"manual":{"type":"Request","kind":"Http","inputs":{}}},"actions":{"Parse_JSON":{"runAfter":{},"type":"ParseJson","inputs":{"content":"@triggerMultipartBody(1)","schema":{"type":"object","properties":{"ContractTemplateCode":{"type":"string"},"DesignerEmail":{"type":"string"},"DesignerFullName":{"type":"string"}}}}},"Initialize_hassError":{"runAfter":{},"type":"InitializeVariable","inputs":{"variables":[{"name":"hasError","type":"boolean","value":"@false"}]}},"ScopeTry":{"actions":{"Start_and_wait_for_an_approval":{"runAfter":{"Update_Contract_Template_Status_to_Pending_Approval":["Succeeded"]},"type":"OpenApiConnectionWebhook","inputs":{"host":{"connectionName":"shared_approvals","operationId":"StartAndWaitForAnApproval","apiId":"/providers/Microsoft.PowerApps/apis/shared_approvals"},"parameters":{"approvalType":"BasicAwaitAll","WebhookApprovalCreationInput/title":"Kindly request you to approve","WebhookApprovalCreationInput/assignedTo":"@{body('Configuration_Parse')?['ApproverEmailId']};","WebhookApprovalCreationInput/details":"Contract Template Approval requested on behalf of : @{body('Parse_JSON')?['DesignerFullName']}\n\nDear Approver,\nPlease find attached contract template for your approval.\n","WebhookApprovalCreationInput/enableNotifications":true,"WebhookApprovalCreationInput/enableReassignment":true,"WebhookApprovalCreationInput/attachments":[{"name":"@concat(body('Parse_JSON')?['ContractTemplateCode'],'.docx')","content":"@base64ToBinary(triggerMultipartBody(0)['$Content'])"}]},"authentication":"@parameters('$authentication')"}},"Condition":{"actions":{"Update_Contract_Template_Status_to_Rejected":{"runAfter":{},"type":"Http","inputs":{"method":"POST","uri":"@{parameters('StudentWebClientURL')}/api/faculty-workload-contract-management/contract-template-status","headers":{"ApiKey":"@parameters('StudentWebClientAPIKey')"},"body":{"Code":"@{body('Parse_JSON')?['ContractTemplateCode']}","Status":"Rejected"}}}},"runAfter":{"Start_and_wait_for_an_approval":["Succeeded"]},"else":{"actions":{"Is_Approved":{"actions":{"Update_Contract_Template_Status_to_Approved":{"runAfter":{},"type":"Http","inputs":{"method":"POST","uri":"@{parameters('StudentWebClientURL')}/api/faculty-workload-contract-management/contract-template-status","headers":{"ApiKey":"@parameters('StudentWebClientAPIKey')"},"body":{"Code":"@{body('Parse_JSON')?['ContractTemplateCode']}","Status":"Approved"}}}},"runAfter":{},"else":{"actions":{"Terminate_Update_Contract_Template_status_to_InDraft":{"runAfter":{},"type":"Http","inputs":{"method":"POST","uri":"@{parameters('StudentWebClientURL')}/api/faculty-workload-contract-management/contract-template-status","headers":{"ApiKey":"@parameters('StudentWebClientAPIKey')"},"body":{"Code":"@{body('Parse_JSON')?['ContractTemplateCode']}","Status":"InDraft"}}}}},"expression":{"contains":["@outputs('Start_and_wait_for_an_approval')?['body/outcome']","Approve"]},"type":"If"}}},"expression":{"contains":["@outputs('Start_and_wait_for_an_approval')?['body/outcome']","Reject"]},"type":"If"},"Apply_to_each":{"foreach":"@outputs('Start_and_wait_for_an_approval')?['body/responses']","actions":{"Send_an_email":{"runAfter":{},"type":"OpenApiConnection","inputs":{"host":{"connectionName":"shared_office365","operationId":"SendEmailV2","apiId":"/providers/Microsoft.PowerApps/apis/shared_office365"},"parameters":{"emailMessage/To":"@{body('Parse_JSON')?['DesignerEmail']} ","emailMessage/Subject":"@{body('Parse_JSON')?['ContractTemplateCode']}:@{items('Apply_to_each')?['approverResponse']}","emailMessage/Body":"<p><strong>Hi </strong><strong>@{body('Parse_JSON')?['DesignerFullName']}</strong><strong>,</strong><br>\n<br>\nResponse from @{items('Apply_to_each')?['responder/displayName']} for the contract template,\"@{items('Apply_to_each')?['approverResponse']}\".<br>\n<br>\nComments from the approver @{items('Apply_to_each')?['responder/displayName']}:<br>\n<br>\n@{items('Apply_to_each')?['comments']}<br>\n<br>\n<br>\n<strong>Thanks</strong><br>\n@{items('Apply_to_each')?['responder/displayName']}<br>\n<br>\n</p>"},"authentication":"@parameters('$authentication')"}}},"runAfter":{"Condition":["Succeeded"]},"type":"Foreach"},"Configuration_Parse":{"runAfter":{},"type":"ParseJson","inputs":{"content":"@variables('configuration')","schema":{"type":"object","properties":{"AdminEmailId":{"type":"string"},"ApproverEmailId":{"type":"string"}}}},"description":"Parsing Json object of Configuration variable"},"Update_Contract_Template_Status_to_Pending_Approval":{"runAfter":{"Configuration_Parse":["Succeeded"]},"type":"Http","inputs":{"method":"POST","uri":"@{parameters('StudentWebClientURL')}/api/faculty-workload-contract-management/contract-template-status","headers":{"ApiKey":"@parameters('StudentWebClientAPIKey')"},"body":{"Code":"@{body('Parse_JSON')?['ContractTemplateCode']}","Status":"PendingApproval"}}}},"runAfter":{"Initialize_hassError":["Succeeded"],"Configuration":["Succeeded"]},"type":"Scope"},"ScopeCatch":{"actions":{"Set_variable":{"runAfter":{},"type":"SetVariable","inputs":{"name":"hasError","value":"@true"}}},"runAfter":{"ScopeTry":["Failed","TimedOut","Skipped"]},"type":"Scope"},"ScopeFinally":{"actions":{"Checking_hasError_Status":{"actions":{"HTTP":{"runAfter":{},"type":"Http","inputs":{"method":"POST","uri":"@{parameters('StudentWebClientURL')}/api/faculty-workload-contract-management/contract-template-status","headers":{"ApiKey":"@parameters('StudentWebClientAPIKey')"},"body":{"Code":"@{body('Parse_JSON')?['ContractTemplateCode']}","Status":"InDraft"}}},"Send_Failure_Message_to_administrator":{"runAfter":{"HTTP":["Succeeded"]},"type":"OpenApiConnection","inputs":{"host":{"connectionName":"shared_office365","operationId":"SendEmailV2","apiId":"/providers/Microsoft.PowerApps/apis/shared_office365"},"parameters":{"emailMessage/To":"@body('Configuration_Parse')?['AdminEmailId']","emailMessage/Subject":"Contract Template Approval flow failed","emailMessage/Body":"<p><strong>Hi,</strong><br>\nThe flow Faculty Contract Template Approval with code \"@{body('Parse_JSON')?['ContractTemplateCode']}\" has failed.<br>\n<br>\n<a href=\"@{concat('https://us.flow.microsoft.com/manage/environments/',workflow()['tags']['environmentName'],'/flows/',   workflow()['name'],'/runs/',workflow()['run']['name'])}\">Click here to find the run failure details. <strong>(Run History)</strong></a><br>\nError Output:<br>\n<br>\n@{result('ScopeTry')}</p>"},"authentication":"@parameters('$authentication')"}}},"runAfter":{},"else":{"actions":{"Send_Success_Message_to_Administrator":{"runAfter":{},"type":"OpenApiConnection","inputs":{"host":{"connectionName":"shared_office365","operationId":"SendEmailV2","apiId":"/providers/Microsoft.PowerApps/apis/shared_office365"},"parameters":{"emailMessage/To":"@body('Configuration_Parse')?['AdminEmailId']","emailMessage/Subject":"Contract Template Approval flow: success","emailMessage/Body":"<p><strong>Hi,</strong><br>\nThe flow Faculty Contract Template Approval with code \"@{body('Parse_JSON')?['ContractTemplateCode']}\" has succeeded.<br>\n<br>\n<br>\n<a href=\"@{concat('https://us.flow.microsoft.com/manage/environments/',workflow()['tags']['environmentName'],'/flows/',   workflow()['name'],'/runs/',workflow()['run']['name'])}\">Click here to find the run details. <strong>(Run History)</strong></a>\n</p>"},"authentication":"@parameters('$authentication')"}}}},"expression":{"equals":["@variables('hasError')","@true"]},"type":"If","description":"checking 'hasError' value if true means some issue has occurred in above action else no issue is there."}},"runAfter":{"ScopeCatch":["Succeeded","Failed","Skipped","TimedOut"]},"type":"Scope"},"Configuration":{"runAfter":{"Parse_JSON":["Succeeded"]},"type":"InitializeVariable","inputs":{"variables":[{"name":"configuration","type":"object","value":{"AdminEmailId":"<AdminEmail@Domain.com>","ApproverEmailId":"<ApproverEmail@Domain.com>"}}]},"description":"Replace placeholder value with actual value"}},"outputs":{}}},"schemaVersion":"1.0.0.0"}