<ImportExportXml xmlns:xsi="http://www.w3.org/2001/XMLSchema-instance">
  <Entities></Entities>
  <Roles></Roles>
  <Workflows></Workflows>
  <FieldSecurityProfiles></FieldSecurityProfiles>
  <Templates />
  <EntityMaps />
  <EntityRelationships />
  <OrganizationSettings />
  <optionsets />
  <CustomControls />
  <EntityDataProviders />
  <Connectors>
    <Connector>
      <connectorid>1c380de4-252d-41ff-a42b-d448d73a15e9</connectorid>
      <description>DocuSign Connector</description>
      <displayname>DocuSign Connector</displayname>
      <iconbrandcolor>#007ee5</iconbrandcolor>
      <name>cr139_5Fdocusign-20connector</name>
      <connectortype>1</connectortype>
      <openapidefinition>/Connector/cr139_5Fdocusign-20connector_openapidefinition.json</openapidefinition>
      <connectionparameters>/Connector/cr139_5Fdocusign-20connector_connectionparameters.json</connectionparameters>
      <policytemplateinstances>/Connector/cr139_5Fdocusign-20connector_policytemplateinstances.json</policytemplateinstances>
      <iconblob>/Connector/cr139_5Fdocusign-20connector_iconblob.Png</iconblob>
    </Connector>
  </Connectors>
  <Languages>
    <Language>1033</Language>
  </Languages>
</ImportExportXml>