{"properties":{"connectionReferences":{"shared_office365_1":{"runtimeSource":"embedded","connection":{"connectionReferenceLogicalName":"cr139_SignNowOffice365OutlookconnectionRef"},"api":{"name":"shared_office365"}}},"definition":{"$schema":"https://schema.management.azure.com/providers/Microsoft.Logic/schemas/2016-06-01/workflowdefinition.json#","contentVersion":"1.0.0.0","parameters":{"$connections":{"defaultValue":{},"type":"Object"},"$authentication":{"defaultValue":{},"type":"SecureObject"}},"triggers":{"manual":{"type":"Request","kind":"Http","inputs":{"schema":{"type":"object","properties":{"fileName":{"type":"string"},"contractId":{"type":"integer"},"studentWebClientAPIKey":{"type":"string"},"studentWebClientURL":{"type":"string"}}}}}},"actions":{"varContractId":{"runAfter":{},"type":"InitializeVariable","inputs":{"variables":[{"name":"contractId","type":"string","value":"@{triggerOutputs()['headers']['contractId']}"}]}},"Compose_DocumentId":{"runAfter":{},"type":"Compose","inputs":"@triggerBody()['content']['document_id']"},"varFileName":{"runAfter":{"varContractId":["Succeeded"]},"type":"InitializeVariable","inputs":{"variables":[{"name":"FileName","type":"string","value":"@{triggerOutputs()['headers']['fileName']}"}]}},"ScopeTry":{"actions":{"Capture_Login_token":{"runAfter":{"Login_to_SignNow":["Succeeded"]},"type":"Compose","inputs":"@outputs('Login_to_SignNow').body['access_token']"},"Condition_Event":{"actions":{"Downloading_Sign_Document_from_SignNow":{"runAfter":{},"type":"Http","inputs":{"method":"GET","uri":"@{body('Configuration_Parse')?['SignNowBaseUrl']}/document/@{outputs('Compose_DocumentId')}/download?type=collapsed","headers":{"Authorization":"Bearer @{outputs('Capture_Login_token')}"}}},"Downloaded_Document_(store_it_as_base64String)":{"runAfter":{"ComposeContractFileName":["Succeeded"]},"type":"Compose","inputs":"@body('Downloading_Sign_Document_from_SignNow')['$content']"},"Update_Faculty_Esign_Status_For_Acceptance":{"runAfter":{"Downloaded_Document_(store_it_as_base64String)":["Succeeded"]},"type":"Http","inputs":{"method":"POST","uri":"@{variables('StudentWebClientURL')}/api/faculty-workload-contract-management/faculty-esign-status","headers":{"ApiKey":"@variables('StudentWebClientAPIKey')","content-type":"application/json"},"body":{"ContractId":"@variables('contractId')","ContractStatus":"@{variables('ContractStatus')}","ContractFileName":"@{outputs('ComposeContractFileName')}","Comments":"","ContractFile":"@outputs('Downloaded_Document_(store_it_as_base64String)')"}}},"ComposeContractFileName":{"runAfter":{"Downloading_Sign_Document_from_SignNow":["Succeeded"]},"type":"Compose","inputs":"@split(outputs('Downloading_Sign_Document_from_SignNow')['headers']?['Content-Disposition'],'=')[1]"}},"runAfter":{"Capture_Login_token":["Succeeded"]},"else":{"actions":{"Get_Document_Via_SignNow":{"runAfter":{},"type":"Http","inputs":{"method":"GET","uri":"@{body('Configuration_Parse')?['SignNowBaseUrl']}/document/@{outputs('Compose_DocumentId')}","headers":{"Authorization":"Bearer @{outputs('Capture_Login_token')}","content-type":"application/json"}}},"Update_Faculty_Esign_Status_For_Rejection":{"runAfter":{"ComposeRejectionComments":["Succeeded"]},"type":"Http","inputs":{"method":"POST","uri":"@{variables('StudentWebClientURL')}/api/faculty-workload-contract-management/faculty-esign-status","headers":{"ApiKey":"@variables('StudentWebClientAPIKey')","contentType":"application/json"},"body":{"ContractId":"@variables('contractId')","ContractStatus":"@{variables('ContractStatus')}","ContractFileName":"@{variables('FileName')}","Comments":"@{outputs('ComposeRejectionComments')}","ContractFile":""}}},"ComposeRejectionComments":{"runAfter":{"Get_Document_Via_SignNow":["Succeeded"]},"type":"Compose","inputs":"@last(outputs('Get_Document_Via_SignNow').body['field_invites'][0]?['declined'])?['declined_text']"}}},"expression":{"equals":["@outputs('Compose_Event')","document.complete"]},"type":"If"},"Configuration_Parse":{"runAfter":{},"type":"ParseJson","inputs":{"content":"@variables('Configuration')","schema":{"type":"object","properties":{"AdminEmailId":{"type":"string"},"SignNowBaseUrl":{"type":"string"}}}},"description":"Parsing Json object of Configuration variable"},"Login_to_SignNow":{"runAfter":{"Configuration_Parse":["Succeeded"]},"type":"Http","inputs":{"method":"POST","uri":"@{body('Configuration_Parse')?['SignNowBaseUrl']}/oauth2/token","headers":{"Authorization":"Basic @{actions('Secure_Configuration')?['trackedProperties']?['SignNowAPIAuthToken']}","Content-Type":"application/json"},"body":{"username":"@{actions('Secure_Configuration')?['trackedProperties']?['SignNowUserId']}","password":"@{actions('Secure_Configuration')?['trackedProperties']?['SignNowPassword']}","grant_type":"password","scope":"*"}}}},"runAfter":{"varStudentWebClientURL":["Succeeded"],"Secure_Configuration":["Succeeded"]},"type":"Scope"},"ScopeCatch":{"actions":{"Set_variable":{"runAfter":{},"type":"SetVariable","inputs":{"name":"hasError","value":"@true"}}},"runAfter":{"ScopeTry":["Failed","Skipped","TimedOut"]},"type":"Scope"},"ScopeFinally":{"actions":{"Condition":{"actions":{"Send_Failure_Message_to_administrator":{"runAfter":{},"type":"OpenApiConnection","inputs":{"host":{"connectionName":"shared_office365_1","operationId":"SendEmailV2","apiId":"/providers/Microsoft.PowerApps/apis/shared_office365"},"parameters":{"emailMessage/To":"@body('Configuration_Parse')?['AdminEmailId']","emailMessage/Subject":"Faculty eSignature Response With SignNow: Failed","emailMessage/Body":"<p><strong>Hi,</strong><br>\nThe flow Faculty eSignature Response With SignNow with ContractId \"@{variables('contractId')}\" has failed.<br>\n<br>\n<a href=\"@{concat('https://us.flow.microsoft.com/manage/environments/',workflow()['tags']['environmentName'],'/flows/',   workflow()['name'],'/runs/',workflow()['run']['name'])}\">Click here to find the run failure details. <strong>(Run History)</strong></a><br>\nError Output:<br>\n<br>\n@{result('ScopeTry')}</p>"},"authentication":"@parameters('$authentication')"}}},"runAfter":{},"else":{"actions":{"Send_success_message_to_administrator":{"runAfter":{},"type":"OpenApiConnection","inputs":{"host":{"connectionName":"shared_office365_1","operationId":"SendEmailV2","apiId":"/providers/Microsoft.PowerApps/apis/shared_office365"},"parameters":{"emailMessage/To":"@body('Configuration_Parse')?['AdminEmailId']","emailMessage/Subject":"Faculty eSignature Response With SignNow: Succeeded","emailMessage/Body":"<p><strong>Hi,</strong><br>\nThe flow Faculty eSignature Response With SignNow with ContractId \"@{variables('contractId')}\" has succeeded.<br>\n<br>\n<br>\n<a href=\"@{concat('https://us.flow.microsoft.com/manage/environments/',workflow()['tags']['environmentName'],'/flows/',   workflow()['name'],'/runs/',workflow()['run']['name'])}\">Click here to find the run details. <strong>(Run History)</strong></a>\n</p>"},"authentication":"@parameters('$authentication')"}}}},"expression":{"equals":["@variables('hasError')","@true"]},"type":"If"}},"runAfter":{"ScopeCatch":["Succeeded","Failed","Skipped","TimedOut"]},"type":"Scope"},"Compose_Event":{"runAfter":{"Compose_DocumentId":["Succeeded"]},"type":"Compose","inputs":"@triggerBody()['meta']['event']"},"varContractStatus":{"runAfter":{"varFileName":["Succeeded"]},"type":"InitializeVariable","inputs":{"variables":[{"name":"ContractStatus","type":"string","value":"@{triggerOutputs()['headers']['contractStatus']}"}]}},"varHasError":{"runAfter":{"Compose_Event":["Succeeded"]},"type":"InitializeVariable","inputs":{"variables":[{"name":"hasError","type":"boolean","value":"@false"}]}},"Configuration":{"runAfter":{"varContractStatus":["Succeeded"]},"type":"InitializeVariable","inputs":{"variables":[{"name":"Configuration","type":"object","value":{"AdminEmailId":"<AdminEmail@Domain.com>","SignNowBaseUrl":"<SignNow URL>"}}]},"description":"Replace placeholder value with actual value "},"varStudentWebClientAPIKey":{"runAfter":{"varHasError":["Succeeded"]},"type":"InitializeVariable","inputs":{"variables":[{"name":"StudentWebClientAPIKey","type":"string","value":"@{triggerOutputs()['headers']['studentWebClientAPIKey']}"}]}},"varStudentWebClientURL":{"runAfter":{"varStudentWebClientAPIKey":["Succeeded"]},"type":"InitializeVariable","inputs":{"variables":[{"name":"StudentWebClientURL","type":"string","value":"@{triggerOutputs()['headers']['studentWebClientURL']}"}]}},"Secure_Configuration":{"runAfter":{"Configuration":["Succeeded"]},"trackedProperties":{"SignNowUserId":"<SignNow UserId>","SignNowPassword":"<SignNow Password>","SignNowAPIAuthToken":"<SignNow API APP Authorization Token >"},"type":"Compose","inputs":"Secure","runtimeConfiguration":{"secureData":{"properties":["inputs"]}}}},"outputs":{}}},"schemaVersion":"1.0.0.0"}