{"properties":{"connectionReferences":{"shared_office365":{"runtimeSource":"embedded","connection":{"connectionReferenceLogicalName":"new_Office365OutlookconnectionRef"},"api":{"name":"shared_office365"}},"shared_adobesign_1":{"runtimeSource":"embedded","connection":{"connectionReferenceLogicalName":"cr139_AdobeSignConnectionRef"},"api":{"name":"shared_adobesign"}}},"definition":{"$schema":"https://schema.management.azure.com/providers/Microsoft.Logic/schemas/2016-06-01/workflowdefinition.json#","contentVersion":"1.0.0.0","parameters":{"$connections":{"defaultValue":{},"type":"Object"},"$authentication":{"defaultValue":{},"type":"SecureObject"}},"triggers":{"When_the_state_of_an_agreement_changes":{"type":"OpenApiConnectionWebhook","inputs":{"host":{"connectionName":"shared_adobesign_1","operationId":"CreateWebhookForAgreementStatusUpdated","apiId":"/providers/Microsoft.PowerApps/apis/shared_adobesign"},"parameters":{"WebhookCreationInfo/name":"Faculty eSignature Response","WebhookCreationInfo/scope":"Any agreement in my account","WebhookCreationInfo/webhookSubscriptionEvents":["When an agreement workflow is completed successfully","When an agreement is rejected by a participant","When an agreement is cancelled"],"WebhookCreationInfo/webhookConditionalParams/webhookAgreementEvents/includeDetailedInfo":true,"WebhookCreationInfo/webhookConditionalParams/webhookAgreementEvents/includeParticipantsInfo":true,"WebhookCreationInfo/webhookConditionalParams/webhookAgreementEvents/includeDocumentsInfo":true,"WebhookCreationInfo/webhookConditionalParams/webhookAgreementEvents/includeSignedDocuments":true},"authentication":"@parameters('$authentication')"}}},"actions":{"Agreement_Status":{"runAfter":{},"type":"Compose","inputs":"@triggerOutputs()?['body/agreement/status']"},"ExternalId_Information":{"runAfter":{},"type":"Compose","inputs":"@triggerOutputs()?['body/agreement/externalId']"},"ScopeTry":{"actions":{"Checking_Agreement_Status":{"actions":{"Agreement_Sign_Document":{"runAfter":{},"type":"Compose","inputs":"@triggerOutputs()?['body/agreement/signedDocumentInfo/document']"},"Update_Faculty_Esign_Status_For_Acceptance":{"runAfter":{"Agreement_Sign_Document":["Succeeded"]},"type":"Http","inputs":{"method":"POST","uri":"@{outputs('Extract_External_Id_Information')?[1]}/api/faculty-workload-contract-management/faculty-esign-status","headers":{"ApiKey":"@{outputs('Extract_External_Id_Information')?[2]}","content-type":"application/json"},"body":{"ContractId":"@outputs('Extract_External_Id_Information')?[0]","ContractStatus":"acceptedbyfaculty","ContractFileName":"@{outputs('Extract_External_Id_Information')?[3]}","Comments":"","ContractFile":"@outputs('Agreement_Sign_Document')"}}}},"runAfter":{"Extract_External_Id_Information":["Succeeded"]},"else":{"actions":{"Update_Faculty_Esign_Status_For_Rejection":{"runAfter":{"Declined_Message":["Succeeded"]},"type":"Http","inputs":{"method":"POST","uri":"@{outputs('Extract_External_Id_Information')?[1]}/api/faculty-workload-contract-management/faculty-esign-status","headers":{"ApiKey":"@{outputs('Extract_External_Id_Information')?[2]}","content-type":"application/json"},"body":{"ContractId":"@outputs('Extract_External_Id_Information')?[0]","ContractStatus":"rejectedbyfaculty","ContractFileName":"@{replace(outputs('Extract_External_Id_Information')?[3],'pdf','docx')}","Comments":"@{outputs('Declined_Message')}","ContractFile":""}}},"Agreement_events":{"runAfter":{},"type":"Http","inputs":{"method":"GET","uri":"@{body('Configuration_Parse')?['ESignBaseUrl']}api/rest/v6/agreements/@{triggerOutputs()?['body/agreement/id']}/events","headers":{"Authorization":"Bearer @{actions('Secure_Configuration')?['trackedProperties']?['IntegrationKey']}"}}},"Filter_Declined_Message_in_Agreement_events":{"runAfter":{"Agreement_events":["Succeeded"]},"type":"Query","inputs":{"from":"@body('Agreement_events')?['events']","where":"@equals(item()['type'], 'REJECTED')"}},"Declined_Message":{"runAfter":{"Filter_Declined_Message_in_Agreement_events":["Succeeded"]},"type":"Compose","inputs":"@body('Filter_Declined_Message_in_Agreement_events')?[0]['comment']"}}},"expression":{"equals":["@outputs('Agreement_Status')","SIGNED"]},"type":"If"},"Configuration_Parse":{"runAfter":{},"type":"ParseJson","inputs":{"content":"@variables('Configuration')","schema":{"type":"object","properties":{"AdminEmailId":{"type":"string"},"ESignBaseUrl":{"type":"string"}}}}},"Extract_External_Id_Information":{"runAfter":{"Configuration_Parse":["Succeeded"]},"type":"Compose","inputs":"@split(outputs('ExternalId_Information')?['id'],'|')"}},"runAfter":{"Has_Error":["Succeeded"],"Secure_Configuration":["Succeeded"]},"type":"Scope"},"Has_Error":{"runAfter":{"Agreement_Status":["Succeeded"]},"type":"InitializeVariable","inputs":{"variables":[{"name":"HasError","type":"boolean","value":"@false"}]}},"ScopeCatch":{"actions":{"Set_variable":{"runAfter":{},"type":"SetVariable","inputs":{"name":"HasError","value":"@true"}}},"runAfter":{"ScopeTry":["Failed","Skipped","TimedOut"]},"type":"Scope"},"ScopeFinally":{"actions":{"Checking_HasError_Status":{"actions":{"Send_Failure_Message_to_administrator":{"runAfter":{},"type":"OpenApiConnection","inputs":{"host":{"connectionName":"shared_office365","operationId":"SendEmailV2","apiId":"/providers/Microsoft.PowerApps/apis/shared_office365"},"parameters":{"emailMessage/To":"@body('Configuration_Parse')?['AdminEmailId']","emailMessage/Subject":"Faculty eSignature Response With Adobe Sign: Failed","emailMessage/Body":"<p><strong>Hi,</strong><br>\nThe flow Faculty eSignature Response With SignNow with ContractId \"@{outputs('Extract_External_Id_Information')?[0]}\" has failed.<br>\n<br>\n<a href=\"@{concat('https://us.flow.microsoft.com/manage/environments/',workflow()['tags']['environmentName'],'/flows/',   workflow()['name'],'/runs/',workflow()['run']['name'])}\">Click here to find the run failure details. <strong>(Run History)</strong></a><br>\nError Output:<br>\n<br>\n@{result('ScopeTry')}</p>"},"authentication":"@parameters('$authentication')"}}},"runAfter":{},"else":{"actions":{"Send_success_message_to_administrator":{"runAfter":{},"type":"OpenApiConnection","inputs":{"host":{"connectionName":"shared_office365","operationId":"SendEmailV2","apiId":"/providers/Microsoft.PowerApps/apis/shared_office365"},"parameters":{"emailMessage/To":"@body('Configuration_Parse')?['AdminEmailId']","emailMessage/Subject":"Faculty eSignature Response With Adobe Sign: Succeeded","emailMessage/Body":"<p><strong>Hi,</strong><br>\nThe flow Faculty eSignature Response With SignNow with ContractId \"@{outputs('Extract_External_Id_Information')?[0]}\" has succeeded.<br>\n<br>\n<br>\n<a href=\"@{concat('https://us.flow.microsoft.com/manage/environments/',workflow()['tags']['environmentName'],'/flows/',   workflow()['name'],'/runs/',workflow()['run']['name'])}\">Click here to find the run details. <strong>(Run History)</strong></a>\n</p>"},"authentication":"@parameters('$authentication')"}}}},"expression":{"equals":["@variables('HasError')","@true"]},"type":"If"}},"runAfter":{"ScopeCatch":["Succeeded","Failed","Skipped","TimedOut"]},"type":"Scope"},"Configuration":{"runAfter":{"ExternalId_Information":["Succeeded"]},"type":"InitializeVariable","inputs":{"variables":[{"name":"Configuration","type":"object","value":{"AdminEmailId":"<Admin Email Id>","ESignBaseUrl":"<Adobe sign Base Url>"}}]}},"Secure_Configuration":{"runAfter":{"Configuration":["Succeeded"]},"trackedProperties":{"IntegrationKey":"<IntegrationKey>"},"type":"Compose","inputs":"Secure","runtimeConfiguration":{"secureData":{"properties":["inputs"]}}}},"outputs":{}}},"schemaVersion":"1.0.0.0"}