{"token":{"type":"oauthSetting","oAuthSettings":{"identityProvider":"oauth2","clientId":"1e7d93c8-b00d-4826-94d2-1c7ec707a073","scopes":["signature"],"redirectMode":"Global","redirectUrl":"https://global.consent.azure-apim.net/redirect","properties":{"IsFirstParty":"False","IsOnbehalfofLoginSupported":false},"customParameters":{"authorizationUrl":{"value":"https://account-d.docusign.com/oauth/auth"},"tokenUrl":{"value":"https://account-d.docusign.com/oauth/token"},"refreshUrl":{"value":"https://account-d.docusign.com/oauth/token"}}}}}