{"swagger":"2.0","info":{"title":"Default title","description":"DocuSign Connector","version":"1.0"},"host":"demo.docusign.net","basePath":"/restapi/v2.1/","schemes":["https"],"consumes":[],"produces":[],"paths":{"/accounts/{account Id}/envelopes":{"post":{"responses":{"default":{"description":"default","schema":{}}},"summary":"Create And Send Envelope","description":"Create And Send Envelope to Staff","operationId":"CreateAndSendEnvelope","parameters":[{"name":"account Id","in":"path","required":true,"type":"string"},{"name":"body","in":"body","required":false,"schema":{"type":"object","properties":{}}}]}},"/accounts/{account id}/envelopes/{envelope id}/custom_fields":{"post":{"responses":{"default":{"description":"default","schema":{}}},"summary":"Create Custom Field For Envelope","description":"Create Custom Field For Envelope","operationId":"CreateCustomFieldForEnvelope","parameters":[{"name":"account id","in":"path","required":true,"type":"string"},{"name":"envelope id","in":"path","required":true,"type":"string"},{"name":"body","in":"body","required":false,"schema":{"type":"object","properties":{}}}]}},"/accounts/{account Id}/envelopes/{envelope Id}":{"get":{"responses":{"default":{"description":"default","schema":{}}},"summary":"Get Envelope","description":"Get Envelope","operationId":"GetEnvelope","parameters":[{"name":"account Id","in":"path","required":true,"type":"string"},{"name":"envelope Id","in":"path","required":true,"type":"string"}]}},"/restapi/v2/accounts/{account id}/envelopes/{envelope id}/documents/{document id}":{},"/accounts/{account id}/envelopes/{envelope id}/documents/{document id}":{"get":{"responses":{"default":{"description":"default","schema":{}}},"operationId":"GetEnvelopeDocument","description":"Get Envelope Document","summary":"Get Envelope Document","parameters":[{"name":"account id","in":"path","required":true,"type":"string"},{"name":"envelope id","in":"path","required":true,"type":"string"},{"name":"document id","in":"path","required":true,"type":"string"}]}}},"definitions":{},"parameters":{},"responses":{},"securityDefinitions":{"undefined":{"type":"oauth2","flow":"accessCode","authorizationUrl":"https://account-d.docusign.com/oauth/auth","tokenUrl":"https://account-d.docusign.com/oauth/token","scopes":{"signature":"signature"}}},"security":[{"undefined":["signature"]}],"tags":[]}